PNL,Total orders,Volume traded,Winning trades,PNl turover ratio in bps,Annualised Sharpe ratio,Drawdown
7889.250000000007,114,119,36,34.79557304779307,5.599146715593128,-1.10817743381979
