PNL,Total orders,Volume traded,Winning trades,PNl turover ratio in bps,Annualised Sharpe ratio,Drawdown
11534.490000000009,117,122,41,49.767314680567644,7.91834436955669,-0.4216847085893453
