PNL,Total orders,Volume traded,Winning trades,PNl turover ratio in bps,Annualised Sharpe ratio,Drawdown
105713.28999999995,1442,1511,503,62.11484705164719,7.247555857847823,-3.748178024586652
