PNL,Total orders,Volume traded,Winning trades,PNl turover ratio in bps,Annualised Sharpe ratio,Drawdown
51700.07999999999,405,425,135,112.42337961682907,6.969430612094756,-19.572224240222884
