PNL,Total orders,Volume traded,Winning trades,PNl turover ratio in bps,Annualised Sharpe ratio,Drawdown
46748.909999999996,506,539,168,81.82890419263748,5.145630702219064,-32.99385930204971
