PNL,Total orders,Volume traded,Winning trades,PNl turover ratio in bps,Annualised Sharpe ratio,Drawdown
59539.840000000004,2918,3077,900,17.14300278679116,2.6114993123780987,-2.1258300105717334
