PNL,Total orders,Volume traded,Winning trades,PNl turover ratio in bps,Annualised Sharpe ratio,Drawdown
-11588.869999999999,615,656,140,-16.914228049930237,-2.1892797707673934,-18.648729244323995
