PNL,Total orders,Volume traded,Winning trades,PNl turover ratio in bps,Annualised Sharpe ratio,Drawdown
1251.449999999978,1049,1142,299,1.1320862790014725,0.5959828642226844,-5.228758169934578
