PNL,Total orders,Volume traded,Winning trades,PNl turover ratio in bps,Annualised Sharpe ratio,Drawdown
7139.039999999994,100,104,36,70.65591760530923,14.564894319772833,-0.10095950258724891
