PNL,Total orders,Volume traded,Winning trades,PNl turover ratio in bps,Annualised Sharpe ratio,Drawdown
-3621.630000000001,174,176,38,-19.204588445966035,-1.3241992166708254,-32.641575735157275
