PNL,Total orders,Volume traded,Winning trades,PNl turover ratio in bps,Annualised Sharpe ratio,Drawdown
10761.600000000006,487,506,124,20.021798450268985,1.836145397527806,-16.99935011347229
