PNL,Total orders,Volume traded,Winning trades,PNl turover ratio in bps,Annualised Sharpe ratio,Drawdown
107094.21000000002,2008,2133,670,44.54537729450466,5.491161218820071,-4.263259259259237
