PNL,Total orders,Volume traded,Winning trades,PNl turover ratio in bps,Annualised Sharpe ratio,Drawdown
969.9100000000108,118,123,28,4.156733508858096,0.8565325760278446,-127.536423841041
