PNL,Total orders,Volume traded,Winning trades,PNl turover ratio in bps,Annualised Sharpe ratio,Drawdown
10528.60000000001,110,115,37,48.08088095046288,7.681710275536058,-0.4389435650277515
