PNL,Total orders,Volume traded,Winning trades,PNl turover ratio in bps,Annualised Sharpe ratio,Drawdown
1316.3100000000086,124,129,30,5.397929041593963,1.1346197342175177,-116.06622516554604
