PNL,Total orders,Volume traded,Winning trades,PNl turover ratio in bps,Annualised Sharpe ratio,Drawdown
122349.20000000006,3895,4195,1241,15.219476657245483,3.292238064723198,-5.245221796688882
