PNL,Total orders,Volume traded,Winning trades,PNl turover ratio in bps,Annualised Sharpe ratio,Drawdown
6821.680000000011,128,133,37,27.140587693617753,4.55628178288946,-3.457417696326259
