PNL,Total orders,Volume traded,Winning trades,PNl turover ratio in bps,Annualised Sharpe ratio,Drawdown
6686.830000000009,251,262,67,16.084501590261752,1.8931999389056413,-1.8370766356065533
