PNL,Total orders,Volume traded,Winning trades,PNl turover ratio in bps,Annualised Sharpe ratio,Drawdown
31523.110000000004,461,484,149,60.994847510017564,4.2638051151854475,-29.35970594657557
