PNL,Total orders,Volume traded,Winning trades,PNl turover ratio in bps,Annualised Sharpe ratio,Drawdown
111153.68999999999,1707,1829,568,53.82218605553798,5.822060490143827,-4.521134736114792
