PNL,Total orders,Volume traded,Winning trades,PNl turover ratio in bps,Annualised Sharpe ratio,Drawdown
48684.100000000006,417,438,135,103.11300976696607,6.941910494957433,-16.52818087587463
