PNL,Total orders,Volume traded,Winning trades,PNl turover ratio in bps,Annualised Sharpe ratio,Drawdown
52392.229999999996,406,431,136,112.38730954293719,6.9995764200157895,-17.39920087177633
