PNL,Total orders,Volume traded,Winning trades,PNl turover ratio in bps,Annualised Sharpe ratio,Drawdown
-4208.170000000003,193,204,35,-26.04703037102176,-3.9986459615815475,-18.231258204933376
