PNL,Total orders,Volume traded,Winning trades,PNl turover ratio in bps,Annualised Sharpe ratio,Drawdown
55658.12999999998,513,539,172,96.59425502142041,6.459996001021734,-22.907967066230885
