PNL,Total orders,Volume traded,Winning trades,PNl turover ratio in bps,Annualised Sharpe ratio,Drawdown
118137.28999999994,2408,2522,830,41.56416282047639,4.361847182584203,-16.57389806514444
