PNL,Total orders,Volume traded,Winning trades,PNl turover ratio in bps,Annualised Sharpe ratio,Drawdown
5276.329999999991,123,129,33,35.98691323217349,3.1886594673497046,-2.826290959249867
