PNL,Total orders,Volume traded,Winning trades,PNl turover ratio in bps,Annualised Sharpe ratio,Drawdown
106238.44999999997,1721,1835,612,51.227929024179026,6.503263525265714,-4.4357226792009445
