PNL,Total orders,Volume traded,Winning trades,PNl turover ratio in bps,Annualised Sharpe ratio,Drawdown
61412.87999999999,413,436,137,130.05094742532208,7.0177474402850795,-55.50677966101735
