PNL,Total orders,Volume traded,Winning trades,PNl turover ratio in bps,Annualised Sharpe ratio,Drawdown
24881.950000000008,720,769,217,31.17401412752733,2.7531302816021164,-66.37720222417418
