PNL,Total orders,Volume traded,Winning trades,PNl turover ratio in bps,Annualised Sharpe ratio,Drawdown
238539.91,4274,4475,1490,47.154000841203676,6.5397773480555115,-5.0318742008176045
