PNL,Total orders,Volume traded,Winning trades,PNl turover ratio in bps,Annualised Sharpe ratio,Drawdown
8647.28000000001,113,118,38,38.54952778758776,6.231870711698248,-11.546421267892748
