PNL,Total orders,Volume traded,Winning trades,PNl turover ratio in bps,Annualised Sharpe ratio,Drawdown
29135.60000000001,320,336,92,50.604368017954656,6.134685549426469,-5.533725073451292
